{
  "hash": "ee2a5ef0",
  "configHash": "cb842186",
  "lockfileHash": "706ab3c3",
  "browserHash": "a75559cf",
  "optimized": {
    "@angular/cdk/bidi": {
      "src": "../../../../../../node_modules/@angular/cdk/fesm2022/bidi.mjs",
      "file": "@angular_cdk_bidi.js",
      "fileHash": "290d25e5",
      "needsInterop": false
    },
    "@angular/cdk/text-field": {
      "src": "../../../../../../node_modules/@angular/cdk/fesm2022/text-field.mjs",
      "file": "@angular_cdk_text-field.js",
      "fileHash": "1d1a695b",
      "needsInterop": false
    },
    "@angular/common/http": {
      "src": "../../../../../../node_modules/@angular/common/fesm2022/http.mjs",
      "file": "@angular_common_http.js",
      "fileHash": "2ec259a1",
      "needsInterop": false
    },
    "@angular/core": {
      "src": "../../../../../../node_modules/@angular/core/fesm2022/core.mjs",
      "file": "@angular_core.js",
      "fileHash": "d2b10a3a",
      "needsInterop": false
    },
    "@angular/forms": {
      "src": "../../../../../../node_modules/@angular/forms/fesm2022/forms.mjs",
      "file": "@angular_forms.js",
      "fileHash": "af59f25a",
      "needsInterop": false
    },
    "@angular/material/button": {
      "src": "../../../../../../node_modules/@angular/material/fesm2022/button.mjs",
      "file": "@angular_material_button.js",
      "fileHash": "cba9a2a0",
      "needsInterop": false
    },
    "@angular/material/form-field": {
      "src": "../../../../../../node_modules/@angular/material/fesm2022/form-field.mjs",
      "file": "@angular_material_form-field.js",
      "fileHash": "83dd5d65",
      "needsInterop": false
    },
    "@angular/material/input": {
      "src": "../../../../../../node_modules/@angular/material/fesm2022/input.mjs",
      "file": "@angular_material_input.js",
      "fileHash": "0c7425a1",
      "needsInterop": false
    },
    "@angular/material/toolbar": {
      "src": "../../../../../../node_modules/@angular/material/fesm2022/toolbar.mjs",
      "file": "@angular_material_toolbar.js",
      "fileHash": "7f2cef10",
      "needsInterop": false
    },
    "@angular/platform-browser": {
      "src": "../../../../../../node_modules/@angular/platform-browser/fesm2022/platform-browser.mjs",
      "file": "@angular_platform-browser.js",
      "fileHash": "a20c2f07",
      "needsInterop": false
    },
    "@angular/router": {
      "src": "../../../../../../node_modules/@angular/router/fesm2022/router.mjs",
      "file": "@angular_router.js",
      "fileHash": "fc4dab24",
      "needsInterop": false
    },
    "@angular/common": {
      "src": "../../../../../../node_modules/@angular/common/fesm2022/common.mjs",
      "file": "@angular_common.js",
      "fileHash": "7d9611b4",
      "needsInterop": false
    },
    "@angular/material/dialog": {
      "src": "../../../../../../node_modules/@angular/material/fesm2022/dialog.mjs",
      "file": "@angular_material_dialog.js",
      "fileHash": "b444b54f",
      "needsInterop": false
    }
  },
  "chunks": {
    "chunk-FVK7766D": {
      "file": "chunk-FVK7766D.js"
    },
    "chunk-LS4WUA4X": {
      "file": "chunk-LS4WUA4X.js"
    },
    "chunk-5YDY3DT6": {
      "file": "chunk-5YDY3DT6.js"
    },
    "chunk-BI5E3DJJ": {
      "file": "chunk-BI5E3DJJ.js"
    },
    "chunk-GSP7ZS3A": {
      "file": "chunk-GSP7ZS3A.js"
    },
    "chunk-4BC7MHE2": {
      "file": "chunk-4BC7MHE2.js"
    },
    "chunk-LAIQI3S4": {
      "file": "chunk-LAIQI3S4.js"
    },
    "chunk-JXG2EO44": {
      "file": "chunk-JXG2EO44.js"
    },
    "chunk-3NOEDH5E": {
      "file": "chunk-3NOEDH5E.js"
    },
    "chunk-KQWRIB4T": {
      "file": "chunk-KQWRIB4T.js"
    }
  }
}